id,query,rank,predicted_id
2wikimqa_e_1,"Who is Hermann Ii, Count Palatine Of Lotharingia's paternal grandfather?",1,2wikimqa_e_1
2wikimqa_e_1,"Who is Hermann Ii, Count Palatine Of Lotharingia's paternal grandfather?",2,2wikimqa_e_5
2wikimqa_e_1,"Who is Hermann Ii, Count Palatine Of Lotharingia's paternal grandfather?",3,2wikimqa_e_48
2wikimqa_e_2,Where was the director of film Requiem For Dominic born?,1,2wikimqa_e_17
2wikimqa_e_2,Where was the director of film Requiem For Dominic born?,2,2wikimqa_e_2
2wikimqa_e_2,Where was the director of film Requiem For Dominic born?,3,2wikimqa_e_40
2wikimqa_e_3,What is the place of birth of Ibrahim Ibn Muhammad's mother?,1,2wikimqa_e_3
2wikimqa_e_3,What is the place of birth of Ibrahim Ibn Muhammad's mother?,2,2wikimqa_e_13
2wikimqa_e_3,What is the place of birth of Ibrahim Ibn Muhammad's mother?,3,2wikimqa_e_7
2wikimqa_e_4,"Which film has the director died earlier, Kadamba (1983 Film) or Mickey'S Tent Show?",1,2wikimqa_e_4
2wikimqa_e_4,"Which film has the director died earlier, Kadamba (1983 Film) or Mickey'S Tent Show?",2,2wikimqa_e_18
2wikimqa_e_4,"Which film has the director died earlier, Kadamba (1983 Film) or Mickey'S Tent Show?",3,2wikimqa_e_11
2wikimqa_e_5,"Who was born first, Damien Hétu or Matan Cohen?",1,2wikimqa_e_5
2wikimqa_e_5,"Who was born first, Damien Hétu or Matan Cohen?",2,2wikimqa_e_21
2wikimqa_e_5,"Who was born first, Damien Hétu or Matan Cohen?",3,2wikimqa_e_10
2wikimqa_e_6,Do director of film Happy Days (1929 Film) and director of film Hero (1982 Film) share the same nationality?,1,2wikimqa_e_6
2wikimqa_e_6,Do director of film Happy Days (1929 Film) and director of film Hero (1982 Film) share the same nationality?,2,2wikimqa_e_7
2wikimqa_e_6,Do director of film Happy Days (1929 Film) and director of film Hero (1982 Film) share the same nationality?,3,2wikimqa_e_30
2wikimqa_e_7,"Which film has the director who is older than the other, A Hungarian Fairy Tale or The Hero Of My Dreams? ",1,2wikimqa_e_7
2wikimqa_e_7,"Which film has the director who is older than the other, A Hungarian Fairy Tale or The Hero Of My Dreams? ",2,2wikimqa_e_8
2wikimqa_e_7,"Which film has the director who is older than the other, A Hungarian Fairy Tale or The Hero Of My Dreams? ",3,2wikimqa_e_35
2wikimqa_e_8,Are both Flying Fifty-Five and Approaching Midnight from the same country?,1,2wikimqa_e_8
2wikimqa_e_8,Are both Flying Fifty-Five and Approaching Midnight from the same country?,2,2wikimqa_e_10
2wikimqa_e_8,Are both Flying Fifty-Five and Approaching Midnight from the same country?,3,2wikimqa_e_19
2wikimqa_e_9,What is the place of birth of Anne Elizabeth Rector's husband?,1,2wikimqa_e_9
2wikimqa_e_9,What is the place of birth of Anne Elizabeth Rector's husband?,2,2wikimqa_e_3
2wikimqa_e_9,What is the place of birth of Anne Elizabeth Rector's husband?,3,2wikimqa_e_36
2wikimqa_e_10,Was Bronisław Dembowski or Carlo Delle Piane born first?,1,2wikimqa_e_10
2wikimqa_e_10,Was Bronisław Dembowski or Carlo Delle Piane born first?,2,2wikimqa_e_1
2wikimqa_e_10,Was Bronisław Dembowski or Carlo Delle Piane born first?,3,2wikimqa_e_3
2wikimqa_e_11,"Which film has the director who was born later, Alludugaru or The Laughing Woman?",1,2wikimqa_e_11
2wikimqa_e_11,"Which film has the director who was born later, Alludugaru or The Laughing Woman?",2,2wikimqa_e_7
2wikimqa_e_11,"Which film has the director who was born later, Alludugaru or The Laughing Woman?",3,2wikimqa_e_6
2wikimqa_e_12,Who is the father of the director of film Kajraare?,1,2wikimqa_e_12
2wikimqa_e_12,Who is the father of the director of film Kajraare?,2,2wikimqa_e_11
2wikimqa_e_12,Who is the father of the director of film Kajraare?,3,2wikimqa_e_17
2wikimqa_e_13,"Which film has the director died earlier, The Coca-Cola Kid or Ayul Kaithi?",1,2wikimqa_e_13
2wikimqa_e_13,"Which film has the director died earlier, The Coca-Cola Kid or Ayul Kaithi?",2,2wikimqa_e_14
2wikimqa_e_13,"Which film has the director died earlier, The Coca-Cola Kid or Ayul Kaithi?",3,2wikimqa_e_26
2wikimqa_e_14,"Who lived longer, Ole Arntzen or Harry Albert Willis?",1,2wikimqa_e_14
2wikimqa_e_14,"Who lived longer, Ole Arntzen or Harry Albert Willis?",2,2wikimqa_e_48
2wikimqa_e_14,"Who lived longer, Ole Arntzen or Harry Albert Willis?",3,2wikimqa_e_26
2wikimqa_e_15,"Which film came out earlier, Olavina Udugore or A Pearl In The Forest?",1,2wikimqa_e_15
2wikimqa_e_15,"Which film came out earlier, Olavina Udugore or A Pearl In The Forest?",2,2wikimqa_e_50
2wikimqa_e_15,"Which film came out earlier, Olavina Udugore or A Pearl In The Forest?",3,2wikimqa_e_8
2wikimqa_e_16,"Which song was released first, L'Histoire D'Une Fée, C'Est... or I Can Change (Lcd Soundsystem Song)?",1,2wikimqa_e_16
2wikimqa_e_16,"Which song was released first, L'Histoire D'Une Fée, C'Est... or I Can Change (Lcd Soundsystem Song)?",2,2wikimqa_e_15
2wikimqa_e_16,"Which song was released first, L'Histoire D'Une Fée, C'Est... or I Can Change (Lcd Soundsystem Song)?",3,2wikimqa_e_4
2wikimqa_e_17,What is the place of birth of the director of film Sweepstakes (Film)?,1,2wikimqa_e_13
2wikimqa_e_17,What is the place of birth of the director of film Sweepstakes (Film)?,2,2wikimqa_e_3
2wikimqa_e_17,What is the place of birth of the director of film Sweepstakes (Film)?,3,2wikimqa_e_15
2wikimqa_e_18,Where was the director of film En Aasai Rasave born?,1,2wikimqa_e_2
2wikimqa_e_18,Where was the director of film En Aasai Rasave born?,2,2wikimqa_e_17
2wikimqa_e_18,Where was the director of film En Aasai Rasave born?,3,2wikimqa_e_18
2wikimqa_e_19,Where did the director of film The Eagle'S Eye study?,1,2wikimqa_e_19
2wikimqa_e_19,Where did the director of film The Eagle'S Eye study?,2,2wikimqa_e_12
2wikimqa_e_19,Where did the director of film The Eagle'S Eye study?,3,2wikimqa_e_49
2wikimqa_e_20,"Who is Stephen, Count Palatine Of Simmern-Zweibrücken's maternal grandmother?",1,2wikimqa_e_1
2wikimqa_e_20,"Who is Stephen, Count Palatine Of Simmern-Zweibrücken's maternal grandmother?",2,2wikimqa_e_48
2wikimqa_e_20,"Who is Stephen, Count Palatine Of Simmern-Zweibrücken's maternal grandmother?",3,2wikimqa_e_16
2wikimqa_e_21,"What is the place of birth of the composer of film Yandé Codou, La Griotte De Senghor?",1,2wikimqa_e_21
2wikimqa_e_21,"What is the place of birth of the composer of film Yandé Codou, La Griotte De Senghor?",2,2wikimqa_e_22
2wikimqa_e_21,"What is the place of birth of the composer of film Yandé Codou, La Griotte De Senghor?",3,2wikimqa_e_11
2wikimqa_e_22,"Which film has the director who is older than the other, The Man With The Glass Eye or The Pom Pom Girls? ",1,2wikimqa_e_22
2wikimqa_e_22,"Which film has the director who is older than the other, The Man With The Glass Eye or The Pom Pom Girls? ",2,2wikimqa_e_15
2wikimqa_e_22,"Which film has the director who is older than the other, The Man With The Glass Eye or The Pom Pom Girls? ",3,2wikimqa_e_31
2wikimqa_e_23,"Who is older, Maksim Kedrin or Peggy Pettitt?",1,2wikimqa_e_23
2wikimqa_e_23,"Who is older, Maksim Kedrin or Peggy Pettitt?",2,2wikimqa_e_11
2wikimqa_e_23,"Who is older, Maksim Kedrin or Peggy Pettitt?",3,2wikimqa_e_36
2wikimqa_e_24,"Which film was released more recently, Free China: The Courage To Believe or The Rebel Set?",1,2wikimqa_e_24
2wikimqa_e_24,"Which film was released more recently, Free China: The Courage To Believe or The Rebel Set?",2,2wikimqa_e_22
2wikimqa_e_24,"Which film was released more recently, Free China: The Courage To Believe or The Rebel Set?",3,2wikimqa_e_9
2wikimqa_e_25,"Are both villages, Little Rock Village and Jamal Beyg, located in the same country?",1,2wikimqa_e_25
2wikimqa_e_25,"Are both villages, Little Rock Village and Jamal Beyg, located in the same country?",2,2wikimqa_e_5
2wikimqa_e_25,"Are both villages, Little Rock Village and Jamal Beyg, located in the same country?",3,2wikimqa_e_10
2wikimqa_e_26,"Which film whose director is younger, The Goose Woman or You Can No Longer Remain Silent?",1,2wikimqa_e_26
2wikimqa_e_26,"Which film whose director is younger, The Goose Woman or You Can No Longer Remain Silent?",2,2wikimqa_e_11
2wikimqa_e_26,"Which film whose director is younger, The Goose Woman or You Can No Longer Remain Silent?",3,2wikimqa_e_15
2wikimqa_e_27,Where was the director of film La Grande Meute born?,1,2wikimqa_e_27
2wikimqa_e_27,Where was the director of film La Grande Meute born?,2,2wikimqa_e_30
2wikimqa_e_27,Where was the director of film La Grande Meute born?,3,2wikimqa_e_12
2wikimqa_e_28,Are Edmonton/Twin Island Airpark and Mayerthorpe Airport located in the same country?,1,2wikimqa_e_28
2wikimqa_e_28,Are Edmonton/Twin Island Airpark and Mayerthorpe Airport located in the same country?,2,2wikimqa_e_25
2wikimqa_e_28,Are Edmonton/Twin Island Airpark and Mayerthorpe Airport located in the same country?,3,2wikimqa_e_15
2wikimqa_e_29,"Which film has the director who was born later, The Man Is Armed or Wolf Warrior?",1,2wikimqa_e_29
2wikimqa_e_29,"Which film has the director who was born later, The Man Is Armed or Wolf Warrior?",2,2wikimqa_e_30
2wikimqa_e_29,"Which film has the director who was born later, The Man Is Armed or Wolf Warrior?",3,2wikimqa_e_35
2wikimqa_e_30,Where did the director of film I Live On Danger die?,1,2wikimqa_e_30
2wikimqa_e_30,Where did the director of film I Live On Danger die?,2,2wikimqa_e_18
2wikimqa_e_30,Where did the director of film I Live On Danger die?,3,2wikimqa_e_14
2wikimqa_e_31,"Which film came out earlier, Just Friends or Enkeyo Ketta Kural?",1,2wikimqa_e_31
2wikimqa_e_31,"Which film came out earlier, Just Friends or Enkeyo Ketta Kural?",2,2wikimqa_e_11
2wikimqa_e_31,"Which film came out earlier, Just Friends or Enkeyo Ketta Kural?",3,2wikimqa_e_5
2wikimqa_e_32,Who is Domhnall Mac Alasdair's paternal grandfather?,1,2wikimqa_e_32
2wikimqa_e_32,Who is Domhnall Mac Alasdair's paternal grandfather?,2,2wikimqa_e_20
2wikimqa_e_32,Who is Domhnall Mac Alasdair's paternal grandfather?,3,2wikimqa_e_5
2wikimqa_e_33,"Who is John Of Luxembourg, Count Of Soissons's maternal grandfather?",1,2wikimqa_e_33
2wikimqa_e_33,"Who is John Of Luxembourg, Count Of Soissons's maternal grandfather?",2,2wikimqa_e_39
2wikimqa_e_33,"Who is John Of Luxembourg, Count Of Soissons's maternal grandfather?",3,2wikimqa_e_38
2wikimqa_e_34,What is the cause of death of director of film Disgraced!?,1,2wikimqa_e_19
2wikimqa_e_34,What is the cause of death of director of film Disgraced!?,2,2wikimqa_e_27
2wikimqa_e_34,What is the cause of death of director of film Disgraced!?,3,2wikimqa_e_34
2wikimqa_e_35,Which country the director of film Mrs. Gibbons' Boys (Film) is from?,1,2wikimqa_e_35
2wikimqa_e_35,Which country the director of film Mrs. Gibbons' Boys (Film) is from?,2,2wikimqa_e_2
2wikimqa_e_35,Which country the director of film Mrs. Gibbons' Boys (Film) is from?,3,2wikimqa_e_26
2wikimqa_e_36,"Who is the mother of Nicholas Crispo, Lord Of Syros?",1,2wikimqa_e_36
2wikimqa_e_36,"Who is the mother of Nicholas Crispo, Lord Of Syros?",2,2wikimqa_e_23
2wikimqa_e_36,"Who is the mother of Nicholas Crispo, Lord Of Syros?",3,2wikimqa_e_3
2wikimqa_e_37,"Who is the paternal grandfather of Louis Iv, Count Of Chiny?",1,2wikimqa_e_37
2wikimqa_e_37,"Who is the paternal grandfather of Louis Iv, Count Of Chiny?",2,2wikimqa_e_38
2wikimqa_e_37,"Who is the paternal grandfather of Louis Iv, Count Of Chiny?",3,2wikimqa_e_48
2wikimqa_e_38,"What is the date of birth of George Ernest, Count Of Erbach-Wildenstein's father?",1,2wikimqa_e_3
2wikimqa_e_38,"What is the date of birth of George Ernest, Count Of Erbach-Wildenstein's father?",2,2wikimqa_e_39
2wikimqa_e_38,"What is the date of birth of George Ernest, Count Of Erbach-Wildenstein's father?",3,2wikimqa_e_4
2wikimqa_e_39,What nationality is the director of film World And Time Enough?,1,2wikimqa_e_27
2wikimqa_e_39,What nationality is the director of film World And Time Enough?,2,2wikimqa_e_30
2wikimqa_e_39,What nationality is the director of film World And Time Enough?,3,2wikimqa_e_19
2wikimqa_e_40,Where was the director of film The Dangerous Talent born?,1,2wikimqa_e_40
2wikimqa_e_40,Where was the director of film The Dangerous Talent born?,2,2wikimqa_e_30
2wikimqa_e_40,Where was the director of film The Dangerous Talent born?,3,2wikimqa_e_19
2wikimqa_e_41,"Which album was released more recently, Full Length Lp or Blow In The Wind?",1,2wikimqa_e_41
2wikimqa_e_41,"Which album was released more recently, Full Length Lp or Blow In The Wind?",2,2wikimqa_e_5
2wikimqa_e_41,"Which album was released more recently, Full Length Lp or Blow In The Wind?",3,2wikimqa_e_44
2wikimqa_e_42,Who is the paternal grandfather of Trịnh Doanh?,1,2wikimqa_e_42
2wikimqa_e_42,Who is the paternal grandfather of Trịnh Doanh?,2,2wikimqa_e_5
2wikimqa_e_42,Who is the paternal grandfather of Trịnh Doanh?,3,2wikimqa_e_15
2wikimqa_e_43,Are Breville and Jakab Industries both located in the same country?,1,2wikimqa_e_43
2wikimqa_e_43,Are Breville and Jakab Industries both located in the same country?,2,2wikimqa_e_10
2wikimqa_e_43,Are Breville and Jakab Industries both located in the same country?,3,2wikimqa_e_3
2wikimqa_e_44,"Which film was released more recently, Eager Bodies or We Dive At Dawn?",1,2wikimqa_e_44
2wikimqa_e_44,"Which film was released more recently, Eager Bodies or We Dive At Dawn?",2,2wikimqa_e_15
2wikimqa_e_44,"Which film was released more recently, Eager Bodies or We Dive At Dawn?",3,2wikimqa_e_31
2wikimqa_e_45,Where was the director of film Ashwamedha (Film) born?,1,2wikimqa_e_45
2wikimqa_e_45,Where was the director of film Ashwamedha (Film) born?,2,2wikimqa_e_39
2wikimqa_e_45,Where was the director of film Ashwamedha (Film) born?,3,2wikimqa_e_4
2wikimqa_e_46,"Which film has the director born earlier, Dos Basuras or Day Of The Painter?",1,2wikimqa_e_46
2wikimqa_e_46,"Which film has the director born earlier, Dos Basuras or Day Of The Painter?",2,2wikimqa_e_6
2wikimqa_e_46,"Which film has the director born earlier, Dos Basuras or Day Of The Painter?",3,2wikimqa_e_27
2wikimqa_e_47,"Who was born first, Lương Hoàng Nam or Ross Mcmillan?",1,2wikimqa_e_47
2wikimqa_e_47,"Who was born first, Lương Hoàng Nam or Ross Mcmillan?",2,2wikimqa_e_10
2wikimqa_e_47,"Who was born first, Lương Hoàng Nam or Ross Mcmillan?",3,2wikimqa_e_3
2wikimqa_e_48,"Which country Eric Longlegs, Lord Of Langeland's father is from?",1,2wikimqa_e_48
2wikimqa_e_48,"Which country Eric Longlegs, Lord Of Langeland's father is from?",2,2wikimqa_e_36
2wikimqa_e_48,"Which country Eric Longlegs, Lord Of Langeland's father is from?",3,2wikimqa_e_20
2wikimqa_e_49,What is the place of birth of the director of film Northville Cemetery Massacre?,1,2wikimqa_e_40
2wikimqa_e_49,What is the place of birth of the director of film Northville Cemetery Massacre?,2,2wikimqa_e_27
2wikimqa_e_49,What is the place of birth of the director of film Northville Cemetery Massacre?,3,2wikimqa_e_19
2wikimqa_e_50,Which country the director of film Secrets Of A Door-To-Door Salesman is from?,1,2wikimqa_e_50
2wikimqa_e_50,Which country the director of film Secrets Of A Door-To-Door Salesman is from?,2,2wikimqa_e_51
2wikimqa_e_50,Which country the director of film Secrets Of A Door-To-Door Salesman is from?,3,2wikimqa_e_11
